{"cameraMode":{"drawMode":0,"name":"Shaded","section":"Shading Mode"},"sceneLighting":true,"audioPlay":false,"sceneViewState":{"showFog":false,"showMaterialUpdate":false,"showSkybox":false,"showFlares":false,"showImageEffects":false,"showParticleSystems":true},"in2DMode":false,"pivot":{"x":-1.5869114398956299,"y":2.4388575553894045,"z":0.8018150329589844},"rotation":{"x":-0.04978889971971512,"y":-0.0038979039527475836,"z":0.0001943657116498798,"w":-0.9987521767616272},"size":35.00393295288086,"orthographic":false}